url,email,phone
https://www.titaneyeplus.com/stores/india/karnataka/hubli,ATcs@titaneyeplus.com,
https://www.titaneyeplus.com/stores/india/karnataka/hubli/titan-eye-lemington-rd,ATcs@titaneyeplus.com,5800204
https://www.specsmakers.in/pages/store-locator/shirur-park-hubli,,
https://locator-stores.lenskart.com/location/karnataka/hubli,,
https://duckduckgo.com/,,
https://www.titaneyeplus.com,ATcs@titaneyeplus.com,
https://hublioptico.com/,hublioptico@gmail.comOpens,165-7588
https://www.specsmakers.in,,
https://www.lenskart.com/stores/location/karnataka/hubli,,
https://www.titaneyeplus.com/stores/india/karnataka/hubli/titan-eye-vidhya-nagar,ATcs@titaneyeplus.com,5800214
https://www.lenskart.com,,
https://www.lenskart.com/stores/lenskart-com-gokul-road-hubli-basaveshvar-nagar-hubli-951903/Home,,
https://www.lenskart.com/stores/lenskart-com-azad-colony-hubli-urban-square-hubli-627774/Home,,
https://hubli.idbf.in/optical,,
